cell_x,cell_y,point_count,height_variation,classification
18,16,3,,sparse
18,17,2,,sparse
19,17,3,,sparse
17,14,1,,sparse
14,16,3,,sparse
16,17,1,,sparse
14,17,1,,sparse
16,19,1,,sparse
13,18,32,0.2340000867843628,non-drivable
14,19,4,,sparse
13,19,20,0.12900006771087646,drivable
17,9,21,0.1549999713897705,drivable
17,10,34,0.15299999713897705,drivable
16,10,1,,sparse
17,11,7,0.14900004863739014,drivable
15,11,15,0.23600006103515625,non-drivable
15,12,36,0.2929999828338623,non-drivable
15,13,29,0.2680000066757202,non-drivable
14,15,2,,sparse
13,16,38,0.17599999904632568,drivable
13,17,38,0.19300007820129395,drivable
12,19,12,0.029000043869018555,drivable
15,10,39,0.27199995517730713,non-drivable
13,14,4,,sparse
13,15,5,0.16499996185302734,drivable
12,16,37,0.13899993896484375,drivable
12,17,32,0.11400008201599121,drivable
12,18,20,0.05899989604949951,drivable
13,0,12,0.22599995136260986,non-drivable
14,0,25,0.2070000171661377,non-drivable
17,5,1,,sparse
17,6,7,0.008000016212463379,drivable
17,8,10,0.006000041961669922,drivable
15,8,44,0.2569999694824219,non-drivable
15,9,51,0.14599990844726562,drivable
13,12,19,0.25199997425079346,non-drivable
14,12,20,0.20099997520446777,non-drivable
14,13,3,,sparse
13,13,16,0.18799996376037598,drivable
12,14,7,0.1510000228881836,drivable
12,15,31,0.1419999599456787,drivable
11,18,39,0.037000060081481934,drivable
11,19,10,0.006000041961669922,drivable
16,3,1,,sparse
14,4,6,0.10100007057189941,drivable
14,5,8,0.09700000286102295,drivable
15,5,1,,sparse
15,6,8,0.19099998474121094,drivable
14,6,16,0.24300003051757812,non-drivable
14,7,38,0.25199997425079346,non-drivable
15,7,34,0.17799997329711914,drivable
11,16,54,0.03799998760223389,drivable
11,17,46,0.03299999237060547,drivable
10,18,48,0.03000009059906006,drivable
10,19,11,0.006999969482421875,drivable
16,5,4,,sparse
14,9,10,0.2619999647140503,non-drivable
13,9,39,0.2109999656677246,non-drivable
14,10,4,,sparse
13,10,40,0.18900001049041748,drivable
12,10,47,0.1520000696182251,drivable
12,11,75,0.14900004863739014,drivable
13,11,4,,sparse
12,12,34,0.125,drivable
12,13,7,0.05199992656707764,drivable
11,14,36,0.1669999361038208,drivable
10,17,56,0.04100000858306885,drivable
9,18,51,0.046000003814697266,drivable
9,19,24,0.02199995517730713,drivable
12,0,2,,sparse
11,1,42,0.05500006675720215,drivable
12,1,7,0.012000083923339844,drivable
12,2,8,0.03799998760223389,drivable
13,6,3,,sparse
13,8,26,0.2340000867843628,non-drivable
11,13,61,0.16600000858306885,drivable
11,15,52,0.03500008583068848,drivable
10,16,55,0.04699993133544922,drivable
11,2,42,0.0700000524520874,drivable
12,3,7,0.04999995231628418,drivable
12,7,34,0.14300000667572021,drivable
13,7,24,0.12000000476837158,drivable
11,12,65,0.11599993705749512,drivable
10,13,46,0.17499995231628418,drivable
10,14,76,0.17200005054473877,drivable
10,15,66,0.03099989891052246,drivable
9,17,63,0.03600001335144043,drivable
8,18,60,0.02799999713897705,drivable
8,19,15,0.008000016212463379,drivable
10,1,18,0.02799999713897705,drivable
11,0,2,,sparse
11,3,27,0.07299995422363281,drivable
11,4,44,0.08299994468688965,drivable
12,4,5,0.019999980926513672,drivable
11,5,67,0.08599996566772461,drivable
12,5,24,0.014999985694885254,drivable
12,6,24,0.04499995708465576,drivable
12,8,24,0.13400006294250488,drivable
14,8,1,,sparse
12,9,23,0.1380000114440918,drivable
11,10,63,0.07200002670288086,drivable
11,11,83,0.07700002193450928,drivable
9,16,71,0.03000009059906006,drivable
8,17,64,0.03299999237060547,drivable
7,18,27,0.03900003433227539,drivable
7,19,13,0.019999980926513672,drivable
9,0,3,,sparse
9,1,9,0.04200005531311035,drivable
10,2,54,0.016000032424926758,drivable
11,6,59,0.042999982833862305,drivable
11,9,59,0.03600001335144043,drivable
10,12,54,0.08800005912780762,drivable
9,15,44,0.0679999589920044,drivable
6,19,1,,sparse
4,19,23,0.04200005531311035,drivable
10,3,24,0.07700002193450928,drivable
10,4,36,0.09200000762939453,drivable
10,5,43,0.07099997997283936,drivable
11,7,43,0.02199995517730713,drivable
11,8,59,0.07700002193450928,drivable
10,11,39,0.042999982833862305,drivable
9,14,37,0.010999917984008789,drivable
8,16,33,0.01399993896484375,drivable
7,17,35,0.014999985694885254,drivable
6,18,7,0.07899999618530273,drivable
4,18,16,0.050999999046325684,drivable
3,19,1,,sparse
9,2,20,0.0559999942779541,drivable
10,9,57,0.04999995231628418,drivable
10,10,33,0.016000032424926758,drivable
9,12,67,0.029000043869018555,drivable
9,13,69,0.023000001907348633,drivable
8,15,62,0.026000022888183594,drivable
7,16,68,0.04200005531311035,drivable
6,17,26,0.08399999141693115,drivable
3,18,36,0.023000001907348633,drivable
2,19,6,0.01399993896484375,drivable
1,19,34,0.018000006675720215,drivable
0,19,24,0.059999942779541016,drivable
7,1,1,,sparse
8,2,9,0.01399993896484375,drivable
8,3,49,0.023000001907348633,drivable
9,3,24,0.016000032424926758,drivable
9,4,36,0.023000001907348633,drivable
9,5,63,0.027000069618225098,drivable
10,6,26,0.011999964714050293,drivable
10,7,24,0.0140000581741333,drivable
10,8,46,0.023000001907348633,drivable
9,9,83,0.03400003910064697,drivable
9,10,107,0.03600001335144043,drivable
9,11,88,0.04200005531311035,drivable
8,13,97,0.040000081062316895,drivable
8,14,82,0.03599989414215088,drivable
7,15,83,0.025999903678894043,drivable
6,16,82,0.04499995708465576,drivable
3,17,95,0.0820000171661377,drivable
2,18,5,0.021000027656555176,drivable
1,18,84,0.04900002479553223,drivable
0,18,89,0.0549999475479126,drivable
9,6,62,0.026999950408935547,drivable
9,7,68,0.04799997806549072,drivable
9,8,93,0.046000003814697266,drivable
8,12,95,0.03099989891052246,drivable
7,14,93,0.031999945640563965,drivable
5,17,4,,sparse
7,3,42,0.07400000095367432,drivable
8,4,23,0.020000100135803223,drivable
8,5,94,0.024000048637390137,drivable
8,6,97,0.11400008201599121,drivable
8,7,105,0.1390000581741333,drivable
8,11,99,0.02799999713897705,drivable
6,15,97,0.06299996376037598,drivable
5,16,26,0.057000041007995605,drivable
3,16,89,0.10300004482269287,drivable
1,17,100,0.04900002479553223,drivable
7,4,66,0.028999924659729004,drivable
8,8,127,0.13600003719329834,drivable
8,9,121,0.03400003910064697,drivable
8,10,116,0.034999966621398926,drivable
7,13,109,0.042999982833862305,drivable
6,14,137,0.0559999942779541,drivable
2,16,84,0.07600009441375732,drivable
2,17,7,0.02799999713897705,drivable
0,17,114,0.07299995422363281,drivable
6,3,18,0.046000003814697266,drivable
7,11,167,0.07400000095367432,drivable
7,12,132,0.04499995708465576,drivable
5,15,115,0.2250000238418579,non-drivable
4,15,84,0.25300002098083496,non-drivable
1,16,130,0.07099997997283936,drivable
6,4,105,0.1119999885559082,drivable
7,5,66,0.03500008583068848,drivable
7,6,144,0.03699994087219238,drivable
7,10,144,0.03100001811981201,drivable
6,13,154,0.03699994087219238,drivable
0,16,164,0.08099997043609619,drivable
3,2,87,0.3020000457763672,non-drivable
4,2,38,0.2099999189376831,non-drivable
7,7,167,0.05199992656707764,drivable
7,9,155,0.029999971389770508,drivable
5,14,168,0.04499995708465576,drivable
3,15,49,0.1119999885559082,drivable
5,4,31,0.060000061988830566,drivable
6,5,117,0.09099996089935303,drivable
7,8,141,0.03299999237060547,drivable
6,12,177,0.04799997806549072,drivable
2,15,232,0.13399994373321533,drivable
6,6,172,0.04400002956390381,drivable
6,11,185,0.04900002479553223,drivable
5,13,190,0.043000102043151855,drivable
4,14,175,0.03400003910064697,drivable
1,15,137,0.12999999523162842,drivable
1,2,22,0.27500009536743164,non-drivable
6,9,245,0.03400003910064697,drivable
6,10,216,0.02799999713897705,drivable
0,15,271,0.07499992847442627,drivable
2,2,5,0.14900004863739014,drivable
5,5,32,0.050999999046325684,drivable
6,7,185,0.031999945640563965,drivable
6,8,240,0.03299999237060547,drivable
5,12,257,0.03699994087219238,drivable
3,14,67,0.10000002384185791,drivable
5,6,272,0.1390000581741333,drivable
5,11,317,0.11100006103515625,drivable
4,13,286,0.043000102043151855,drivable
2,14,196,0.20799994468688965,non-drivable
0,2,4,,sparse
4,4,46,0.21799993515014648,non-drivable
4,5,152,0.21300005912780762,non-drivable
5,10,360,0.0419999361038208,drivable
1,14,349,0.2619999647140503,non-drivable
3,4,49,0.29300010204315186,non-drivable
5,7,336,0.08399999141693115,drivable
4,12,382,0.0549999475479126,drivable
0,14,595,0.16199994087219238,drivable
3,3,7,0.11399996280670166,drivable
4,6,475,0.21799993515014648,non-drivable
5,8,379,0.04699993133544922,drivable
5,9,388,0.057000041007995605,drivable
3,13,283,0.04100000858306885,drivable
3,5,266,0.2990000247955322,non-drivable
2,13,292,0.2580000162124634,non-drivable
4,11,505,0.04799997806549072,drivable
4,7,575,0.04400002956390381,drivable
4,10,498,0.0700000524520874,drivable
3,12,547,0.06700003147125244,drivable
1,13,624,0.2990000247955322,non-drivable
3,6,443,0.07400000095367432,drivable
4,8,414,0.06800007820129395,drivable
4,9,282,0.04499995708465576,drivable
2,4,2,,sparse
2,5,290,0.23399996757507324,non-drivable
3,11,492,0.10699999332427979,drivable
0,13,607,0.16999995708465576,drivable
3,7,341,0.08700001239776611,drivable
2,12,316,0.25599992275238037,non-drivable
2,6,237,0.18799996376037598,drivable
3,10,137,0.05199992656707764,drivable
1,5,177,0.1499999761581421,drivable
3,8,14,0.029000043869018555,drivable
1,12,41,0.2549999952316284,non-drivable
0,5,5,0.06500005722045898,drivable
1,6,4,,sparse
