cell_id,x_center,y_center,distance_m,base_resolution_m,requested_resolution_m,terrain_priority,priority_band,terrain_complexity,traversability,distance_only_resolution_m,terrain_adaptive_resolution_m,distance_only_leaf_count,terrain_adaptive_leaf_count,additional_leaves,terrain_refined,high_priority
"(1, 1)",1.5,1.5,2.1213203435596424,0.05,0.05,0.2007053242157346,LOW,0.4014106484314692,DRIVABLE,0.04999999999999982,0.04999999999999982,26,26,0,False,False
"(2, 3)",2.5,3.5,4.301162633521313,0.05,0.05,0.08408969351574129,LOW,0.16817938703148258,DRIVABLE,0.04999999999999982,0.04999999999999982,8,8,0,False,False
"(3, 4)",3.5,4.5,5.70087712549569,0.05,0.05,0.06287878591953606,LOW,0.12575757183907213,DRIVABLE,0.04999999999999982,0.04999999999999982,14,14,0,False,False
"(3, 5)",3.5,5.5,6.519202405202649,0.05,0.05,0.02702347965862716,LOW,0.05404695931725432,DRIVABLE,0.04999999999999982,0.04999999999999982,23,23,0,False,False
"(4, 6)",4.5,6.5,7.905694150420948,0.05,0.05,0.04178858482108333,LOW,0.08357716964216666,DRIVABLE,0.04999999999999982,0.04999999999999982,22,22,0,False,False
"(5, 7)",5.5,7.5,9.300537618869138,0.05,0.05,0.04556186313600616,LOW,0.09112372627201232,DRIVABLE,0.04999999999999982,0.04999999999999982,32,32,0,False,False
"(6, 7)",6.5,7.5,9.924716620639604,0.05,0.05,0.1469784946411872,LOW,0.11395698928237442,DRIVABLE,0.04999999999999982,0.04999999999999982,10,10,0,False,False
"(7, 9)",7.5,9.5,12.103718436910205,0.1,0.1,0.048134334392255895,LOW,0.09626866878451179,DRIVABLE,0.09999999999999964,0.09999999999999964,15,15,0,False,False
"(6, 8)",6.5,8.5,10.700467279516348,0.1,0.1,0.04778406671894551,LOW,0.09556813343789101,DRIVABLE,0.09999999999999964,0.09999999999999964,19,19,0,False,False
"(5, 6)",5.5,6.5,8.514693182963201,0.05,0.05,0.08846336095871987,LOW,0.17692672191743974,DRIVABLE,0.04999999999999982,0.04999999999999982,27,27,0,False,False
"(7, 8)",7.5,8.5,11.335784048754634,0.1,0.1,0.10950807320589376,LOW,0.07901614641178754,DRIVABLE,0.09999999999999964,0.09999999999999964,12,12,0,False,False
"(7, 7)",7.5,7.5,10.606601717798213,0.1,0.1,0.08687721761672736,LOW,0.1137544352334547,DRIVABLE,0.09999999999999964,0.09999999999999964,13,13,0,False,False
"(2, 2)",2.5,2.5,3.5355339059327378,0.05,0.05,0.12736355672026473,LOW,0.25472711344052945,DRIVABLE,0.04999999999999982,0.04999999999999982,20,20,0,False,False
"(3, 3)",3.5,3.5,4.949747468305833,0.05,0.05,0.08579401491778227,LOW,0.17158802983556454,DRIVABLE,0.04999999999999982,0.04999999999999982,23,23,0,False,False
"(4, 5)",4.5,5.5,7.106335201775948,0.05,0.05,0.06481999636971045,LOW,0.1296399927394209,DRIVABLE,0.04999999999999982,0.04999999999999982,15,15,0,False,False
"(8, 9)",8.5,9.5,12.747548783981962,0.1,0.05,1.0,HIGH,,SPARSE / UNKNOWN,0.09999999999999964,0.049999999999998934,2,2,0,True,True
"(8, 8)",8.5,8.5,12.020815280171307,0.1,0.1,0.04104280512307693,LOW,0.08208561024615386,DRIVABLE,0.09999999999999964,0.09999999999999964,26,26,0,False,False
"(5, 5)",5.5,5.5,7.7781745930520225,0.05,0.05,0.049837144561984424,LOW,0.09967428912396885,DRIVABLE,0.04999999999999982,0.04999999999999982,19,19,0,False,False
"(7, 6)",7.5,6.5,9.924716620639604,0.05,0.05,0.051288386957641235,LOW,0.10257677391528247,DRIVABLE,0.04999999999999982,0.04999999999999982,21,21,0,False,False
"(4, 4)",4.5,4.5,6.363961030678928,0.05,0.05,0.06316812450727467,LOW,0.12633624901454935,DRIVABLE,0.04999999999999982,0.04999999999999982,32,32,0,False,False
"(6, 6)",6.5,6.5,9.192388155425117,0.05,0.05,0.05729776861689947,LOW,0.11459553723379894,DRIVABLE,0.04999999999999982,0.04999999999999982,32,32,0,False,False
"(9, 9)",9.5,9.5,13.435028842544403,0.1,0.1,0.0328231618445692,LOW,0.0656463236891384,DRIVABLE,0.09999999999999964,0.09999999999999964,17,17,0,False,False
"(11, 9)",11.5,9.5,14.916433890176299,0.1,0.1,0.05540296910689738,LOW,0.11080593821379477,DRIVABLE,0.09999999999999964,0.09999999999999964,20,20,0,False,False
"(4, 3)",4.5,3.5,5.70087712549569,0.05,0.05,0.07408485588711206,LOW,0.1481697117742241,DRIVABLE,0.04999999999999982,0.04999999999999982,33,33,0,False,False
"(8, 6)",8.5,6.5,10.700467279516348,0.1,0.1,0.041122788583794936,LOW,0.08224557716758987,DRIVABLE,0.09999999999999964,0.09999999999999964,18,18,0,False,False
"(6, 5)",6.5,5.5,8.514693182963201,0.05,0.05,0.09724722359702605,LOW,0.1944944471940521,DRIVABLE,0.04999999999999982,0.04999999999999982,30,30,0,False,False
"(8, 7)",8.5,7.5,11.335784048754634,0.1,0.1,0.1764719957433078,LOW,0.07294399148661561,DRIVABLE,0.09999999999999964,0.09999999999999964,6,6,0,False,False
"(9, 8)",9.5,8.5,12.747548783981962,0.1,0.1,0.1847454310654715,LOW,0.14949086213094298,DRIVABLE,0.09999999999999964,0.09999999999999964,7,7,0,False,False
"(9, 7)",9.5,7.5,12.103718436910205,0.1,0.1,0.03938109765348435,LOW,0.0787621953069687,DRIVABLE,0.09999999999999964,0.09999999999999964,18,18,0,False,False
"(12, 9)",12.5,9.5,15.700318468107582,0.1,0.1,0.23793821386375774,LOW,0.33587642772751547,DRIVABLE,0.09999999999999964,0.09999999999999964,11,11,0,False,False
"(11, 8)",11.5,8.5,14.300349646075091,0.1,0.1,0.10969036150054318,LOW,0.21938072300108635,DRIVABLE,0.09999999999999964,0.09999999999999964,21,21,0,False,False
"(3, 2)",3.5,2.5,4.301162633521313,0.05,0.05,0.12007476047257855,LOW,0.2401495209451571,DRIVABLE,0.04999999999999982,0.04999999999999982,30,30,0,False,False
"(12, 8)",12.5,8.5,15.116216457830975,0.1,0.1,0.13190598196762032,LOW,0.16381196393524064,DRIVABLE,0.09999999999999964,0.09999999999999964,13,13,0,False,False
"(10, 8)",10.5,8.5,13.509256086106296,0.1,0.1,0.07204114373750543,LOW,0.14408228747501087,DRIVABLE,0.09999999999999964,0.09999999999999964,18,18,0,False,False
"(6, 4)",6.5,4.5,7.905694150420948,0.05,0.05,0.06612193449564344,LOW,0.13224386899128687,DRIVABLE,0.04999999999999982,0.04999999999999982,21,21,0,False,False
"(5, 4)",5.5,4.5,7.106335201775948,0.05,0.05,0.1340144086761688,LOW,0.2680288173523376,DRIVABLE,0.04999999999999982,0.04999999999999982,16,16,0,False,False
"(10, 9)",10.5,9.5,14.159802258506296,0.1,0.1,0.09990875051526923,LOW,0.07981750103053846,DRIVABLE,0.09999999999999964,0.09999999999999964,13,13,0,False,False
"(8, 5)",8.5,5.5,10.124228365658293,0.1,0.1,0.12165596760892888,LOW,0.08331193521785775,DRIVABLE,0.09999999999999964,0.09999999999999964,7,7,0,False,False
"(11, 7)",11.5,7.5,13.729530217745982,0.1,0.07500000000000001,0.5470799361701627,MEDIUM,0.45415987234032545,NON-DRIVABLE,0.09999999999999964,0.049999999999998934,15,18,3,True,False
"(2, 1)",2.5,1.5,2.9154759474226504,0.05,0.05,0.10659041595804043,LOW,0.21318083191608087,DRIVABLE,0.04999999999999982,0.04999999999999982,17,17,0,False,False
"(7, 5)",7.5,5.5,9.300537618869138,0.05,0.05,0.06134344258054783,LOW,0.12268688516109566,DRIVABLE,0.04999999999999982,0.04999999999999982,32,32,0,False,False
"(9, 6)",9.5,6.5,11.510864433221338,0.1,0.1,0.07625669078542947,LOW,0.07251338157085896,DRIVABLE,0.09999999999999964,0.09999999999999964,10,10,0,False,False
"(10, 7)",10.5,7.5,12.90348790056394,0.1,0.1,0.1333979963525642,LOW,0.2667959927051284,DRIVABLE,0.09999999999999964,0.09999999999999964,17,17,0,False,False
"(13, 9)",13.5,9.5,16.507574019219177,0.1,0.1,0.13404671188066436,LOW,0.04809342376132869,DRIVABLE,0.09999999999999964,0.09999999999999964,7,7,0,False,False
"(5, 3)",5.5,3.5,6.519202405202649,0.05,0.05,0.10081548962421318,LOW,0.20163097924842635,DRIVABLE,0.04999999999999982,0.04999999999999982,28,28,0,False,False
"(13, 8)",13.5,8.5,15.953056133543816,0.1,0.1,0.18310655016201044,LOW,0.14621310032402088,DRIVABLE,0.09999999999999964,0.09999999999999964,7,7,0,False,False
"(11, 6)",11.5,6.5,13.209844813622906,0.1,0.07500000000000001,0.6711600342232368,MEDIUM,0.4023200684464734,NON-DRIVABLE,0.09999999999999964,0.05000000000000071,3,3,0,True,False
"(12, 7)",12.5,7.5,14.577379737113251,0.1,0.05,1.0,HIGH,,SPARSE / UNKNOWN,0.09999999999999964,0.049999999999998934,2,2,0,True,True
"(4, 2)",4.5,2.5,5.1478150704935,0.05,0.05,0.0778333163746507,LOW,0.1556666327493014,DRIVABLE,0.04999999999999982,0.04999999999999982,26,26,0,False,False
"(8, 4)",8.5,4.5,9.617692030835672,0.05,0.05,0.12263786965925301,LOW,0.24527573931850602,DRIVABLE,0.049999999999998934,0.049999999999998934,26,26,0,False,False
"(9, 5)",9.5,5.5,10.977249200050075,0.1,0.1,0.16250423379892595,LOW,0.2850084675978519,DRIVABLE,0.09999999999999964,0.09999999999999964,14,14,0,False,False
"(9, 4)",9.5,4.5,10.51189802081432,0.1,0.1,0.16362040867487862,LOW,0.32724081734975724,DRIVABLE,0.09999999999999964,0.09999999999999964,28,28,0,False,False
"(7, 4)",7.5,4.5,8.74642784226795,0.05,0.05,0.1940711813826297,LOW,0.1281423627652594,DRIVABLE,0.04999999999999982,0.04999999999999982,6,6,0,False,False
"(14, 9)",14.5,9.5,17.334935823359714,0.1,0.1,0.24727045704390446,LOW,0.25454091408780893,DRIVABLE,0.09999999999999964,0.09999999999999964,8,8,0,False,False
"(17, 9)",17.5,9.5,19.912307751739878,0.1,0.07500000000000001,0.6829308046689954,MEDIUM,0.4658616093379906,NON-DRIVABLE,0.09999999999999787,0.05000000000000071,4,4,0,True,False
"(16, 8)",16.5,8.5,18.560711193270585,0.1,0.1,0.17929060687254647,LOW,0.0385812137450929,DRIVABLE,0.09999999999999787,0.09999999999999787,4,4,0,False,False
"(10, 6)",10.5,6.5,12.349089035228468,0.1,0.07500000000000001,0.6492674008441278,MEDIUM,0.39853480168825567,NON-DRIVABLE,0.09999999999999964,0.049999999999998934,2,5,3,True,False
"(11, 5)",11.5,5.5,12.747548783981962,0.1,0.1,0.2096025271198917,LOW,0.23920505423978336,DRIVABLE,0.09999999999999964,0.09999999999999964,9,9,0,False,False
"(13, 7)",13.5,7.5,15.443445211480501,0.1,0.1,0.26964045891603494,LOW,0.2792809178320699,DRIVABLE,0.09999999999999964,0.09999999999999964,6,6,0,False,False
"(12, 6)",12.5,6.5,14.089002803605371,0.1,0.1,0.31034569910239085,LOW,0.3006913982047817,DRIVABLE,0.09999999999999964,0.09999999999999964,4,4,0,False,False
"(18, 9)",18.5,9.5,20.796634343085422,0.1,0.05,1.0,HIGH,,SPARSE / UNKNOWN,0.09999999999999787,0.04999999999999716,2,2,0,True,True
"(7, 3)",7.5,3.5,8.276472678623424,0.05,0.05,0.09849553992148825,LOW,0.1969910798429765,DRIVABLE,0.04999999999999982,0.04999999999999982,32,32,0,False,False
"(16, 7)",16.5,7.5,18.12456896039186,0.1,0.1,0.2653045794794666,LOW,0.3306091589589333,DRIVABLE,0.09999999999999787,0.09999999999999787,9,9,0,False,False
"(17, 8)",17.5,8.5,19.45507645834372,0.1,0.05,1.0,HIGH,,SPARSE / UNKNOWN,0.09999999999999787,0.05000000000000071,2,2,0,True,True
"(10, 5)",10.5,5.5,11.853269591129697,0.1,0.1,0.16853626700373267,LOW,0.19707253400746536,DRIVABLE,0.09999999999999964,0.09999999999999964,12,12,0,False,False
"(3, 1)",3.5,1.5,3.8078865529319543,0.05,0.05,0.09166840701505148,LOW,0.18333681403010296,DRIVABLE,0.04999999999999982,0.04999999999999982,34,34,0,False,False
"(5, 2)",5.5,2.5,6.041522986797286,0.05,0.05,0.07886784482365258,LOW,0.15773568964730517,DRIVABLE,0.04999999999999982,0.04999999999999982,14,14,0,False,False
"(8, 3)",8.5,3.5,9.192388155425117,0.05,0.05,0.17514198897317437,LOW,0.35028397794634875,DRIVABLE,0.049999999999998934,0.049999999999998934,41,41,0,False,False
"(6, 3)",6.5,3.5,7.3824115301167,0.05,0.05,0.0896941013610016,LOW,0.11938820272200319,DRIVABLE,0.04999999999999982,0.04999999999999982,15,15,0,False,False
"(11, 4)",11.5,4.5,12.349089035228468,0.1,0.1,0.21201684334138154,LOW,0.18403368668276313,DRIVABLE,0.09999999999999964,0.09999999999999964,7,7,0,False,False
"(9, 3)",9.5,3.5,10.124228365658293,0.1,0.1,0.21797543008758521,LOW,0.43595086017517043,DRIVABLE,0.09999999999999964,0.09999999999999964,33,33,0,False,False
"(13, 6)",13.5,6.5,14.983324063771697,0.1,0.07500000000000001,0.6483709661174547,MEDIUM,0.39674193223490933,NON-DRIVABLE,0.09999999999999964,0.049999999999998934,5,5,0,True,False
"(15, 6)",15.5,6.5,16.80773631397161,0.1,0.07500000000000001,0.6703377307183652,MEDIUM,0.4006754614367305,NON-DRIVABLE,0.09999999999999964,0.049999999999998934,3,3,0,True,False
"(12, 5)",12.5,5.5,13.656500283747663,0.1,0.1,0.15203282657581338,LOW,0.06406565315162675,DRIVABLE,0.09999999999999964,0.09999999999999964,7,7,0,False,False
"(14, 8)",14.5,8.5,16.80773631397161,0.1,0.05,1.0,HIGH,,SPARSE / UNKNOWN,0.09999999999999964,0.05000000000000071,2,2,0,True,True
"(14, 7)",14.5,7.5,16.32482771731451,0.1,0.1,0.17452969087116735,LOW,0.029059381742334633,DRIVABLE,0.09999999999999964,0.09999999999999964,4,4,0,False,False
"(2, 0)",2.5,0.5,2.5495097567963922,0.05,0.05,0.18891393092427322,LOW,0.37782786184854644,DRIVABLE,0.04999999999999982,0.04999999999999982,36,36,0,False,False
"(6, 2)",6.5,2.5,6.96419413859206,0.05,0.05,0.11639750629123964,LOW,0.23279501258247928,DRIVABLE,0.04999999999999982,0.04999999999999982,32,32,0,False,False
"(10, 4)",10.5,4.5,11.423659658795863,0.1,0.05,1.0,HIGH,,SPARSE / UNKNOWN,0.09999999999999964,0.05000000000000071,2,2,0,True,True
"(7, 2)",7.5,2.5,7.905694150420948,0.05,0.05,0.05270133418085197,LOW,0.10540266836170394,DRIVABLE,0.04999999999999982,0.04999999999999982,28,28,0,False,False
"(11, 3)",11.5,3.5,12.020815280171307,0.1,0.1,0.14471784613742147,LOW,0.18943569227484294,DRIVABLE,0.09999999999999964,0.09999999999999964,13,13,0,False,False
"(13, 5)",13.5,5.5,14.577379737113251,0.1,0.05,1.0,HIGH,,SPARSE / UNKNOWN,0.09999999999999964,0.049999999999998934,2,2,0,True,True
"(9, 2)",9.5,2.5,9.82344135219425,0.05,0.05,0.036161230883931646,LOW,0.07232246176786329,DRIVABLE,0.049999999999998934,0.049999999999998934,25,25,0,False,False
"(5, 1)",5.5,1.5,5.70087712549569,0.05,0.05,0.08559023652557873,LOW,0.17118047305115747,DRIVABLE,0.04999999999999982,0.04999999999999982,29,29,0,False,False
"(8, 2)",8.5,2.5,8.860022573334675,0.05,0.05,0.1318269823835884,LOW,0.2636539647671768,DRIVABLE,0.049999999999998934,0.049999999999998934,30,30,0,False,False
"(13, 4)",13.5,4.5,14.230249470757707,0.1,0.1,0.2561920160481247,LOW,0.19238403209624932,DRIVABLE,0.09999999999999964,0.09999999999999964,4,4,0,False,False
"(10, 3)",10.5,3.5,11.067971810589327,0.1,0.1,0.19970432573105334,LOW,0.3994086514621067,DRIVABLE,0.09999999999999964,0.09999999999999964,22,22,0,False,False
"(17, 5)",17.5,5.5,18.34393632784414,0.1,0.1,0.15338478388749507,LOW,0.026769567774990167,DRIVABLE,0.09999999999999787,0.09999999999999787,5,5,0,False,False
"(15, 4)",15.5,4.5,16.140012391568973,0.1,0.1,0.23140499720943092,LOW,0.20280999441886183,DRIVABLE,0.09999999999999964,0.09999999999999964,7,7,0,False,False
"(14, 6)",14.5,6.5,15.890248582070704,0.1,0.05,1.0,HIGH,,SPARSE / UNKNOWN,0.09999999999999964,0.05000000000000071,1,1,0,True,True
"(12, 3)",12.5,3.5,12.98075498574717,0.1,0.1,0.3452628996733177,LOW,0.3705257993466353,DRIVABLE,0.09999999999999964,0.09999999999999964,4,4,0,False,False
"(15, 3)",15.5,3.5,15.890248582070704,0.1,0.1,0.23335700939652193,LOW,0.46671401879304386,DRIVABLE,0.09999999999999964,0.09999999999999964,25,25,0,False,False
"(12, 2)",12.5,2.5,12.747548783981962,0.1,0.1,0.13012368796596022,LOW,0.26024737593192043,DRIVABLE,0.09999999999999964,0.09999999999999964,26,26,0,False,False
"(14, 5)",14.5,5.5,15.508062419270823,0.1,0.1,0.16538331614504276,LOW,0.030766632290085482,DRIVABLE,0.09999999999999964,0.09999999999999964,4,4,0,False,False
"(13, 3)",13.5,3.5,13.946325680981353,0.1,0.1,0.17842231159266853,LOW,0.33684462318533703,DRIVABLE,0.09999999999999964,0.09999999999999964,15,15,0,False,False
"(17, 4)",17.5,4.5,18.069310999592652,0.1,0.05,1.0,HIGH,,SPARSE / UNKNOWN,0.09999999999999787,0.04999999999999716,1,1,0,True,True
"(10, 2)",10.5,2.5,10.793516572461451,0.1,0.1,0.1620328692360515,LOW,0.324065738472103,DRIVABLE,0.09999999999999964,0.09999999999999964,21,21,0,False,False
"(13, 2)",13.5,2.5,13.729530217745982,0.1,0.1,0.09353101446728822,LOW,0.18706202893457644,DRIVABLE,0.09999999999999964,0.09999999999999964,22,22,0,False,False
"(16, 3)",16.5,3.5,16.867127793433,0.1,0.1,0.2709593307875175,LOW,0.32191866157503496,DRIVABLE,0.09999999999999787,0.09999999999999787,8,8,0,False,False
"(9, 1)",9.5,1.5,9.617692030835672,0.05,0.05,0.03779340779836627,LOW,0.07558681559673254,DRIVABLE,0.049999999999998934,0.049999999999998934,27,27,0,False,False
"(6, 1)",6.5,1.5,6.670832032063167,0.05,0.05,0.07191346285758861,LOW,0.14382692571517722,DRIVABLE,0.04999999999999982,0.04999999999999982,30,30,0,False,False
"(7, 1)",7.5,1.5,7.648529270389178,0.05,0.05,0.642559393384396,MEDIUM,0.34511878676879215,NON-DRIVABLE,0.04999999999999982,0.04999999999999982,2,2,0,False,False
"(15, 2)",15.5,2.5,15.700318468107582,0.1,0.1,0.2030800452653353,LOW,0.4061600905306706,DRIVABLE,0.09999999999999964,0.09999999999999964,20,20,0,False,False
"(8, 1)",8.5,1.5,8.631338250816034,0.05,0.05,0.0639868746955203,LOW,0.1279737493910406,DRIVABLE,0.049999999999998934,0.049999999999998934,25,25,0,False,False
"(14, 3)",14.5,3.5,14.916433890176299,0.1,0.1,0.3190140646675303,LOW,0.29802812933506057,DRIVABLE,0.09999999999999964,0.09999999999999964,3,3,0,False,False
"(11, 2)",11.5,2.5,11.76860229593982,0.1,0.1,0.08608127127854072,LOW,0.15216254255708142,DRIVABLE,0.09999999999999964,0.09999999999999964,18,18,0,False,False
"(15, 5)",15.5,5.5,16.446884203398525,0.1,0.05,1.0,HIGH,,SPARSE / UNKNOWN,0.10000000000000142,0.05000000000000071,1,1,0,True,True
"(16, 2)",16.5,2.5,16.688319268278637,0.1,0.1,0.19965229379096133,LOW,0.3593045875819227,DRIVABLE,0.09999999999999787,0.09999999999999787,16,16,0,False,False
"(10, 1)",10.5,1.5,10.606601717798213,0.1,0.1,0.05047622187984933,LOW,0.10095244375969865,DRIVABLE,0.09999999999999964,0.09999999999999964,18,18,0,False,False
"(17, 3)",17.5,3.5,17.84656829757475,0.1,0.1,0.146767086935738,LOW,0.03353417387147598,DRIVABLE,0.09999999999999787,0.09999999999999787,7,7,0,False,False
"(14, 2)",14.5,2.5,14.713938969562161,0.1,0.1,0.2600796478345047,LOW,0.38015929566900947,DRIVABLE,0.09999999999999964,0.09999999999999964,8,8,0,False,False
"(3, 0)",3.5,0.5,3.5355339059327378,0.05,0.05,0.10196253642589297,LOW,0.20392507285178593,DRIVABLE,0.04999999999999982,0.04999999999999982,27,27,0,False,False
"(17, 2)",17.5,2.5,17.67766952966369,0.1,0.1,0.22429577272062823,LOW,0.4085915454412565,DRIVABLE,0.09999999999999787,0.09999999999999787,14,14,0,False,False
"(13, 1)",13.5,1.5,13.583077707206124,0.1,0.1,0.10622734029565588,LOW,0.21245468059131176,DRIVABLE,0.09999999999999964,0.09999999999999964,24,24,0,False,False
"(18, 3)",18.5,3.5,18.828170383762732,0.1,0.1,0.326068985952802,LOW,0.372137971905604,DRIVABLE,0.09999999999999787,0.09999999999999787,6,6,0,False,False
"(5, 0)",5.5,0.5,5.522680508593631,0.05,0.05,0.10991921378941491,LOW,0.13983842757882983,DRIVABLE,0.04999999999999982,0.04999999999999982,12,12,0,False,False
"(27, 3)",27.5,3.5,27.721832551258224,0.25,0.125,1.0,HIGH,,SPARSE / UNKNOWN,0.25,0.125,1,2,1,True,True
"(19, 3)",19.5,3.5,19.81161275615895,0.1,0.1,0.2350561928594424,LOW,0.23011238571888484,DRIVABLE,0.09999999999999787,0.09999999999999787,8,8,0,False,False
"(14, 1)",14.5,1.5,14.577379737113251,0.1,0.1,0.16885443361976687,LOW,0.2577088672395338,DRIVABLE,0.09999999999999964,0.09999999999999964,13,13,0,False,False
"(19, 2)",19.5,2.5,19.6596032513375,0.1,0.05,1.0,HIGH,,SPARSE / UNKNOWN,0.09999999999999787,0.05000000000000071,2,2,0,True,True
"(27, 2)",27.5,2.5,27.613402542968153,0.25,0.25,0.1646847837862241,LOW,0.009369567572448103,DRIVABLE,0.25,0.25,3,3,0,False,False
"(11, 1)",11.5,1.5,11.597413504743201,0.1,0.1,0.18624850945510174,LOW,0.13249701891020352,DRIVABLE,0.09999999999999964,0.09999999999999964,6,6,0,False,False
"(20, 3)",20.5,3.5,20.796634343085422,0.1,0.07500000000000001,0.6696327886096664,MEDIUM,0.4192655772193326,NON-DRIVABLE,0.09999999999999787,0.05000000000000071,4,4,0,True,False
"(9, 0)",9.5,0.5,9.513148795220223,0.05,0.05,0.08825751627328682,LOW,0.17651503254657364,DRIVABLE,0.049999999999998934,0.049999999999998934,32,32,0,False,False
"(18, 1)",18.5,1.5,18.560711193270585,0.1,0.05,1.0,HIGH,,SPARSE / UNKNOWN,0.10000000000000142,0.05000000000000071,1,1,0,True,True
"(20, 2)",20.5,2.5,20.65187642806338,0.1,0.1,0.1835821185504635,LOW,0.027164237100926986,DRIVABLE,0.09999999999999787,0.09999999999999787,3,3,0,False,False
"(19, 1)",19.5,1.5,19.557607215607945,0.1,0.1,0.17657229993925302,LOW,0.033144599878505966,DRIVABLE,0.09999999999999787,0.09999999999999787,4,4,0,False,False
"(21, 2)",21.5,2.5,21.644860821913362,0.1,0.1,0.2947902412354717,LOW,0.5495804824709434,DRIVABLE,0.09999999999999787,0.09999999999999787,16,16,0,False,False
"(10, 0)",10.5,0.5,10.51189802081432,0.1,0.1,0.06123464849850548,LOW,0.12246929699701097,DRIVABLE,0.09999999999999964,0.09999999999999964,18,18,0,False,False
"(17, 1)",17.5,1.5,17.564168070250297,0.1,0.1,0.13556532287930173,LOW,0.27113064575860346,DRIVABLE,0.09999999999999787,0.09999999999999787,18,18,0,False,False
"(7, 0)",7.5,0.5,7.516648189186454,0.05,0.05,0.21130257297873514,LOW,0.10260514595747024,DRIVABLE,0.04999999999999982,0.04999999999999982,4,4,0,False,False
"(13, 0)",13.5,0.5,13.509256086106296,0.1,0.1,0.08459920928558379,LOW,0.16919841857116757,DRIVABLE,0.09999999999999964,0.09999999999999964,22,22,0,False,False
"(8, 0)",8.5,0.5,8.514693182963201,0.05,0.05,0.13376598339875212,LOW,0.18753196679750425,DRIVABLE,0.049999999999998934,0.049999999999998934,16,16,0,False,False
"(12, 1)",12.5,1.5,12.589678312014172,0.1,0.1,0.0361349886858823,LOW,0.0722699773717646,DRIVABLE,0.09999999999999964,0.09999999999999964,16,16,0,False,False
"(15, 1)",15.5,1.5,15.572411502397436,0.1,0.1,0.15406493303123298,LOW,0.14812986606246592,DRIVABLE,0.09999999999999964,0.09999999999999964,10,10,0,False,False
"(14, 0)",14.5,0.5,14.508618128546908,0.1,0.1,0.10619996741158706,LOW,0.05239993482317409,DRIVABLE,0.09999999999999964,0.09999999999999964,10,10,0,False,False
"(19, 0)",19.5,0.5,19.50640920313116,0.1,0.1,0.166970575702516,LOW,0.03394115140503195,DRIVABLE,0.10000000000000142,0.10000000000000142,4,4,0,False,False
"(21, 3)",21.5,3.5,21.783020910791965,0.1,0.1,0.24164233237864507,LOW,0.18328466475729008,DRIVABLE,0.09999999999999787,0.09999999999999787,5,5,0,False,False
"(6, 0)",6.5,0.5,6.519202405202649,0.05,0.05,0.06510628532234532,LOW,0.13021257064469063,DRIVABLE,0.04999999999999982,0.04999999999999982,29,29,0,False,False
"(18, 0)",18.5,0.5,18.506755523321747,0.1,0.1,0.16536697303788414,LOW,0.030733946075768254,DRIVABLE,0.09999999999999787,0.09999999999999787,5,5,0,False,False
"(21, 1)",21.5,1.5,21.552262062252307,0.1,0.05,1.0,HIGH,,SPARSE / UNKNOWN,0.09999999999999787,0.05000000000000071,2,2,0,True,True
"(22, 2)",22.5,2.5,22.638462845343543,0.1,0.1,0.2506762472227635,LOW,0.24135249444552698,DRIVABLE,0.09999999999999787,0.09999999999999787,6,6,0,False,False
"(11, 0)",11.5,0.5,11.510864433221338,0.1,0.1,0.08354216778176075,LOW,0.1470843355635215,DRIVABLE,0.09999999999999964,0.09999999999999964,15,15,0,False,False
"(4, 0)",4.5,0.5,4.527692569068709,0.05,0.05,0.20789167328559238,LOW,0.11578334657118472,DRIVABLE,0.04999999999999982,0.04999999999999982,4,4,0,False,False
"(15, 0)",15.5,0.5,15.508062419270823,0.1,0.1,0.15934804658599272,LOW,0.15869609317198538,DRIVABLE,0.09999999999999964,0.09999999999999964,10,10,0,False,False
"(29, -1)",29.5,-0.5,29.50423698386386,0.25,0.25,0.1752824564155824,LOW,0.010564912831164766,DRIVABLE,0.25,0.25,3,3,0,False,False
"(9, -1)",9.5,-0.5,9.513148795220223,0.05,0.05,0.1582592505369456,LOW,0.3165185010738912,DRIVABLE,0.049999999999998934,0.049999999999998934,37,37,0,False,False
"(14, -1)",14.5,-0.5,14.508618128546908,0.1,0.1,0.27408425466827935,LOW,0.34816850933655874,DRIVABLE,0.09999999999999964,0.09999999999999964,9,9,0,False,False
"(16, 1)",16.5,1.5,16.56804152578089,0.1,0.1,0.13960896171506515,LOW,0.03921792343013028,DRIVABLE,0.09999999999999787,0.09999999999999787,7,7,0,False,False
"(23, 2)",23.5,2.5,23.632604596192948,0.1,0.1,0.3522919074663381,LOW,0.3845838149326761,DRIVABLE,0.09999999999999787,0.09999999999999787,4,4,0,False,False
"(22, 3)",22.5,3.5,22.7705950734714,0.1,0.05,1.0,HIGH,,SPARSE / UNKNOWN,0.09999999999999787,0.05000000000000071,1,1,0,True,True
"(13, -1)",13.5,-0.5,13.509256086106296,0.1,0.1,0.19566972891556897,LOW,0.39133945783113794,DRIVABLE,0.09999999999999964,0.09999999999999964,28,28,0,False,False
"(19, -1)",19.5,-0.5,19.50640920313116,0.1,0.1,0.20959506100338313,LOW,0.19919012200676622,DRIVABLE,0.09999999999999787,0.09999999999999787,8,8,0,False,False
"(23, 3)",23.5,3.5,23.759208741033444,0.1,0.05,1.0,HIGH,,SPARSE / UNKNOWN,0.10000000000000142,0.05000000000000071,1,1,0,True,True
"(23, 1)",23.5,1.5,23.547823678633232,0.1,0.05,1.0,HIGH,,SPARSE / UNKNOWN,0.10000000000000142,0.05000000000000071,1,2,1,True,True
"(28, -1)",28.5,-0.5,28.50438562747845,0.25,0.1875,0.6859578816055211,MEDIUM,0.4919157632110421,NON-DRIVABLE,0.25,0.125,4,6,2,True,False
"(10, -1)",10.5,-0.5,10.51189802081432,0.1,0.1,0.1575827493610891,LOW,0.3151654987221782,DRIVABLE,0.09999999999999964,0.09999999999999964,16,16,0,False,False
"(18, -1)",18.5,-0.5,18.506755523321747,0.1,0.05,1.0,HIGH,,SPARSE / UNKNOWN,0.10000000000000142,0.05000000000000071,2,2,0,True,True
"(12, -1)",12.5,-0.5,12.509996003196804,0.1,0.1,0.17960871471151238,LOW,0.35921742942302476,DRIVABLE,0.09999999999999964,0.09999999999999964,21,21,0,False,False
"(17, -1)",17.5,-0.5,17.507141400011598,0.1,0.1,0.1628409072511371,LOW,0.1856818145022742,DRIVABLE,0.09999999999999787,0.09999999999999787,11,11,0,False,False
"(12, 0)",12.5,0.5,12.509996003196804,0.1,0.1,0.047593643935368135,LOW,0.09518728787073627,DRIVABLE,0.09999999999999964,0.09999999999999964,14,14,0,False,False
"(27, -2)",27.5,-1.5,27.54087870784082,0.25,0.125,1.0,HIGH,,SPARSE / UNKNOWN,0.25,0.125,1,2,1,True,True
"(26, 2)",26.5,2.5,26.61766330841233,0.25,0.125,1.0,HIGH,,SPARSE / UNKNOWN,0.25,0.125,1,1,0,True,True
"(25, -2)",25.5,-1.5,25.544079548889602,0.25,0.25,0.32316916088713427,LOW,0.32633832177426847,DRIVABLE,0.25,0.25,2,2,0,False,False
"(2, -1)",2.5,-0.5,2.5495097567963922,0.05,0.05,0.15188468659522783,LOW,0.30376937319045566,DRIVABLE,0.04999999999999982,0.04999999999999982,13,13,0,False,False
"(5, -1)",5.5,-0.5,5.522680508593631,0.05,0.05,0.08460336857481304,LOW,0.16920673714962609,DRIVABLE,0.04999999999999982,0.04999999999999982,29,29,0,False,False
"(24, -2)",24.5,-1.5,24.545875417267155,0.1,0.1,0.3629299498762746,LOW,0.4858598997525491,DRIVABLE,0.09999999999999787,0.09999999999999787,8,8,0,False,False
"(16, 0)",16.5,0.5,16.507574019219177,0.1,0.1,0.09848756892913132,LOW,0.03697513785826261,DRIVABLE,0.09999999999999787,0.09999999999999787,8,8,0,False,False
"(22, 1)",22.5,1.5,22.54994456755936,0.1,0.05,1.0,HIGH,,SPARSE / UNKNOWN,0.09999999999999787,0.04999999999999716,1,1,0,True,True
"(7, -1)",7.5,-0.5,7.516648189186454,0.05,0.05,0.0663266045141583,LOW,0.1326532090283166,DRIVABLE,0.04999999999999982,0.04999999999999982,23,23,0,False,False
"(22, 0)",22.5,0.5,22.5055548698538,0.1,0.1,0.17772751340256004,LOW,0.015455026805120085,DRIVABLE,0.10000000000000142,0.10000000000000142,3,3,0,False,False
"(16, -1)",16.5,-0.5,16.507574019219177,0.1,0.1,0.26442660266506945,LOW,0.26885320533013896,DRIVABLE,0.09999999999999787,0.09999999999999787,7,7,0,False,False
"(8, -1)",8.5,-0.5,8.514693182963201,0.05,0.05,0.11516922773595722,LOW,0.23033845547191445,DRIVABLE,0.049999999999998934,0.049999999999998934,34,34,0,False,False
"(11, -1)",11.5,-0.5,11.510864433221338,0.1,0.1,0.1817292094035019,LOW,0.3634584188070038,DRIVABLE,0.09999999999999964,0.09999999999999964,31,31,0,False,False
"(17, -2)",17.5,-1.5,17.564168070250297,0.1,0.05,1.0,HIGH,,SPARSE / UNKNOWN,0.10000000000000142,0.05000000000000071,2,2,0,True,True
"(15, -1)",15.5,-0.5,15.508062419270823,0.1,0.1,0.355142465709788,LOW,0.45028493141957604,DRIVABLE,0.09999999999999964,0.09999999999999964,5,5,0,False,False
"(16, -2)",16.5,-1.5,16.56804152578089,0.1,0.05,1.0,HIGH,,SPARSE / UNKNOWN,0.10000000000000142,0.05000000000000071,1,1,0,True,True
"(24, 1)",24.5,1.5,24.545875417267155,0.1,0.05,1.0,HIGH,,SPARSE / UNKNOWN,0.10000000000000142,0.05000000000000071,1,1,0,True,True
"(15, -2)",15.5,-1.5,15.572411502397436,0.1,0.1,0.16761344469079525,LOW,0.035226889381590465,DRIVABLE,0.09999999999999964,0.09999999999999964,5,5,0,False,False
"(28, -2)",28.5,-1.5,28.53944638566067,0.25,0.25,0.16266122425810597,LOW,0.005322448516211862,DRIVABLE,0.25,0.25,3,3,0,False,False
"(11, -2)",11.5,-1.5,11.597413504743201,0.1,0.1,0.12446046709416132,LOW,0.24892093418832265,DRIVABLE,0.09999999999999964,0.09999999999999964,23,23,0,False,False
"(17, 0)",17.5,0.5,17.507141400011598,0.1,0.1,0.15147656560918468,LOW,0.042953131218369356,DRIVABLE,0.09999999999999787,0.09999999999999787,6,6,0,False,False
"(19, -2)",19.5,-1.5,19.557607215607945,0.1,0.1,0.1456957617559955,LOW,0.251391523511991,DRIVABLE,0.09999999999999787,0.09999999999999787,17,17,0,False,False
"(3, -1)",3.5,-0.5,3.5355339059327378,0.05,0.05,0.09782588474476599,LOW,0.19565176948953197,DRIVABLE,0.04999999999999982,0.04999999999999982,27,27,0,False,False
"(6, -1)",6.5,-0.5,6.519202405202649,0.05,0.05,0.0673413476252631,LOW,0.1346826952505262,DRIVABLE,0.04999999999999982,0.04999999999999982,29,29,0,False,False
"(25, 1)",25.5,1.5,25.544079548889602,0.25,0.125,1.0,HIGH,,SPARSE / UNKNOWN,0.25,0.125,1,1,0,True,True
"(14, -2)",14.5,-1.5,14.577379737113251,0.1,0.05,1.0,HIGH,,SPARSE / UNKNOWN,0.09999999999999964,0.05000000000000071,2,2,0,True,True
"(25, 0)",25.5,0.5,25.5049014897137,0.25,0.25,0.17577314209431397,LOW,0.011546284188627921,DRIVABLE,0.25,0.25,1,1,0,False,False
"(4, -1)",4.5,-0.5,4.527692569068709,0.05,0.05,0.09010867791079523,LOW,0.18021735582159046,DRIVABLE,0.04999999999999982,0.04999999999999982,8,8,0,False,False
"(9, -2)",9.5,-1.5,9.617692030835672,0.05,0.05,0.12988378445042553,LOW,0.25976756890085106,DRIVABLE,0.049999999999998934,0.049999999999998934,23,23,0,False,False
"(8, -2)",8.5,-1.5,8.631338250816034,0.05,0.05,0.10987572659148065,LOW,0.2197514531829613,DRIVABLE,0.049999999999998934,0.049999999999998934,33,33,0,False,False
"(23, -1)",23.5,-0.5,23.50531854708632,0.1,0.05,1.0,HIGH,,SPARSE / UNKNOWN,0.09999999999999787,0.05000000000000071,1,1,0,True,True
"(21, -1)",21.5,-0.5,21.50581316760657,0.1,0.1,0.1708101639604498,LOW,0.02162032792089953,DRIVABLE,0.09999999999999787,0.09999999999999787,4,4,0,False,False
"(20, -1)",20.5,-0.5,20.506096654409877,0.1,0.1,0.18020400609410933,LOW,0.020408012188218645,DRIVABLE,0.10000000000000142,0.10000000000000142,3,3,0,False,False
"(20, -2)",20.5,-1.5,20.554804791094465,0.1,0.1,0.1855206039880582,LOW,0.2710412079761164,DRIVABLE,0.09999999999999787,0.09999999999999787,13,13,0,False,False
"(25, -1)",25.5,-0.5,25.5049014897137,0.25,0.25,0.16954171069963211,LOW,0.019083421399264153,DRIVABLE,0.25,0.25,4,4,0,False,False
"(21, -2)",21.5,-1.5,21.552262062252307,0.1,0.05,1.0,HIGH,,SPARSE / UNKNOWN,0.10000000000000142,0.05000000000000071,2,2,0,True,True
"(26, -1)",26.5,-0.5,26.504716561397142,0.25,0.125,1.0,HIGH,,SPARSE / UNKNOWN,0.25,0.125,1,1,0,True,True
"(13, -2)",13.5,-1.5,13.583077707206124,0.1,0.1,0.2331486407561737,LOW,0.18629728151234745,DRIVABLE,0.09999999999999964,0.09999999999999964,6,6,0,False,False
"(24, -1)",24.5,-0.5,24.50510150968569,0.1,0.05,1.0,HIGH,,SPARSE / UNKNOWN,0.10000000000000142,0.05000000000000071,2,2,0,True,True
"(7, -2)",7.5,-1.5,7.648529270389178,0.05,0.05,0.1883480053710028,LOW,0.3766960107420056,DRIVABLE,0.04999999999999982,0.04999999999999982,36,36,0,False,False
"(12, -2)",12.5,-1.5,12.589678312014172,0.1,0.1,0.1563007676588473,LOW,0.03260153531769461,DRIVABLE,0.09999999999999964,0.09999999999999964,4,4,0,False,False
"(10, -2)",10.5,-1.5,10.606601717798213,0.1,0.1,0.10096519662345882,LOW,0.16193039324691763,DRIVABLE,0.09999999999999964,0.09999999999999964,16,16,0,False,False
"(19, -3)",19.5,-2.5,19.6596032513375,0.1,0.05,1.0,HIGH,,SPARSE / UNKNOWN,0.10000000000000142,0.05000000000000071,1,2,1,True,True
"(23, -2)",23.5,-1.5,23.547823678633232,0.1,0.05,1.0,HIGH,,SPARSE / UNKNOWN,0.10000000000000142,0.05000000000000071,1,1,0,True,True
"(22, -2)",22.5,-1.5,22.54994456755936,0.1,0.05,1.0,HIGH,,SPARSE / UNKNOWN,0.10000000000000142,0.05000000000000071,1,1,0,True,True
"(5, -2)",5.5,-1.5,5.70087712549569,0.05,0.05,0.19565903913773006,LOW,0.3913180782754601,DRIVABLE,0.04999999999999982,0.04999999999999982,38,38,0,False,False
"(20, -3)",20.5,-2.5,20.65187642806338,0.1,0.05,1.0,HIGH,,SPARSE / UNKNOWN,0.09999999999999787,0.05000000000000071,2,2,0,True,True
"(6, -2)",6.5,-1.5,6.670832032063167,0.05,0.05,0.17613672456190574,LOW,0.3522734491238115,DRIVABLE,0.04999999999999982,0.04999999999999982,45,45,0,False,False
"(4, -2)",4.5,-1.5,4.743416490252569,0.05,0.05,0.10317989627674133,LOW,0.20635979255348266,DRIVABLE,0.04999999999999982,0.04999999999999982,31,31,0,False,False
"(7, -3)",7.5,-2.5,7.905694150420948,0.05,0.05,0.22031568417783556,LOW,0.12063136835567105,DRIVABLE,0.04999999999999982,0.04999999999999982,4,4,0,False,False
"(6, -3)",6.5,-2.5,6.96419413859206,0.05,0.05,0.13557328509405062,LOW,0.27114657018810123,DRIVABLE,0.04999999999999982,0.04999999999999982,28,28,0,False,False
"(3, -2)",3.5,-1.5,3.8078865529319543,0.05,0.05,0.12018607897174365,LOW,0.2403721579434873,DRIVABLE,0.04999999999999982,0.04999999999999982,43,43,0,False,False
"(4, -3)",4.5,-2.5,5.1478150704935,0.05,0.05,0.2318244299263524,LOW,0.4636488598527048,DRIVABLE,0.04999999999999982,0.04999999999999982,56,56,0,False,False
"(5, -3)",5.5,-2.5,6.041522986797286,0.05,0.05,0.17060181158926968,LOW,0.14120362317853935,DRIVABLE,0.04999999999999982,0.04999999999999982,10,10,0,False,False
"(7, -4)",7.5,-3.5,8.276472678623424,0.05,0.05,0.2736747991253118,LOW,0.22734959825062354,DRIVABLE,0.04999999999999982,0.04999999999999982,4,4,0,False,False
"(2, -2)",2.5,-1.5,2.9154759474226504,0.05,0.05,0.14962124224737675,LOW,0.2992424844947535,DRIVABLE,0.04999999999999982,0.04999999999999982,11,11,0,False,False
"(6, -4)",6.5,-3.5,7.3824115301167,0.05,0.05,1.0,HIGH,,SPARSE / UNKNOWN,0.04999999999999982,0.04999999999999982,2,2,0,False,True
"(6, -5)",6.5,-4.5,7.905694150420948,0.05,0.05,0.1917003025283796,LOW,0.24340060505675923,DRIVABLE,0.04999999999999982,0.04999999999999982,12,12,0,False,False
"(5, -4)",5.5,-3.5,6.519202405202649,0.05,0.05,0.14109129928581163,LOW,0.28218259857162326,DRIVABLE,0.04999999999999982,0.04999999999999982,17,17,0,False,False
"(4, -4)",4.5,-3.5,5.70087712549569,0.05,0.05,0.13465435580990817,LOW,0.26930871161981634,DRIVABLE,0.04999999999999982,0.04999999999999982,25,25,0,False,False
"(3, -3)",3.5,-2.5,4.301162633521313,0.05,0.05,0.16341955329968105,LOW,0.3268391065993621,DRIVABLE,0.04999999999999982,0.04999999999999982,28,28,0,False,False
"(6, -6)",6.5,-5.5,8.514693182963201,0.05,0.05,0.18378064375946748,LOW,0.04756128751893488,DRIVABLE,0.04999999999999982,0.04999999999999982,4,4,0,False,False
"(1, -2)",1.5,-1.5,2.1213203435596424,0.05,0.05,0.15367470363081073,LOW,0.30734940726162147,DRIVABLE,0.04999999999999982,0.04999999999999982,25,25,0,False,False
"(3, -4)",3.5,-3.5,4.949747468305833,0.05,0.05,0.11727080071191547,LOW,0.23454160142383093,DRIVABLE,0.04999999999999982,0.04999999999999982,35,35,0,False,False
"(2, -3)",2.5,-2.5,3.5355339059327378,0.05,0.05,0.09891302797396516,LOW,0.19782605594793032,DRIVABLE,0.04999999999999982,0.04999999999999982,42,42,0,False,False
"(5, -5)",5.5,-4.5,7.106335201775948,0.05,0.05,0.18610958478239611,LOW,0.09221916956479227,DRIVABLE,0.04999999999999982,0.04999999999999982,6,6,0,False,False
"(7, -7)",7.5,-6.5,9.924716620639604,0.05,0.05,1.0,HIGH,,SPARSE / UNKNOWN,0.05000000000000071,0.05000000000000071,1,1,0,False,True
"(5, -6)",5.5,-5.5,7.7781745930520225,0.05,0.05,0.25992235585098494,LOW,0.19984471170196985,DRIVABLE,0.04999999999999982,0.04999999999999982,4,4,0,False,False
"(6, -7)",6.5,-6.5,9.192388155425117,0.05,0.05,1.0,HIGH,,SPARSE / UNKNOWN,0.04999999999999982,0.04999999999999982,2,2,0,False,True
"(4, -5)",4.5,-4.5,6.363961030678928,0.05,0.05,1.0,HIGH,,SPARSE / UNKNOWN,0.05000000000000071,0.05000000000000071,1,1,0,False,True
"(2, -4)",2.5,-3.5,4.301162633521313,0.05,0.05,0.07830389597953251,LOW,0.15660779195906502,DRIVABLE,0.04999999999999982,0.04999999999999982,29,29,0,False,False
"(3, -5)",3.5,-4.5,5.70087712549569,0.05,0.05,0.10925795565642522,LOW,0.13851591131285046,DRIVABLE,0.04999999999999982,0.04999999999999982,12,12,0,False,False
"(4, -6)",4.5,-5.5,7.106335201775948,0.05,0.05,1.0,HIGH,,SPARSE / UNKNOWN,0.04999999999999982,0.04999999999999982,2,2,0,False,True
"(3, -6)",3.5,-5.5,6.519202405202649,0.05,0.05,0.16395471188743266,LOW,0.12790942377486528,DRIVABLE,0.04999999999999982,0.04999999999999982,9,9,0,False,False
"(4, -8)",4.5,-7.5,8.74642784226795,0.05,0.05,0.07820906125988368,LOW,0.15641812251976736,DRIVABLE,0.04999999999999982,0.04999999999999982,25,25,0,False,False
"(1, -3)",1.5,-2.5,2.9154759474226504,0.05,0.05,0.27490033266945524,LOW,0.2898006653389105,DRIVABLE,0.04999999999999982,0.04999999999999982,3,3,0,False,False
"(5, -9)",5.5,-8.5,10.124228365658293,0.1,0.05,1.0,HIGH,,SPARSE / UNKNOWN,0.09999999999999964,0.04999999999999982,2,2,0,True,True
"(2, -5)",2.5,-4.5,5.1478150704935,0.05,0.05,0.1221967240536501,LOW,0.2443934481073002,DRIVABLE,0.04999999999999982,0.04999999999999982,33,33,0,False,False
"(5, -8)",5.5,-7.5,9.300537618869138,0.05,0.05,1.0,HIGH,,SPARSE / UNKNOWN,0.04999999999999982,0.04999999999999982,1,1,0,False,True
"(4, -7)",4.5,-6.5,7.905694150420948,0.05,0.05,0.21951716761086643,LOW,0.09903433522173284,DRIVABLE,0.04999999999999982,0.04999999999999982,3,3,0,False,False
"(4, -9)",4.5,-8.5,9.617692030835672,0.05,0.05,0.1230810713069843,LOW,0.10616214261396861,DRIVABLE,0.04999999999999982,0.04999999999999982,12,12,0,False,False
"(1, -4)",1.5,-3.5,3.8078865529319543,0.05,0.05,0.10840750496524271,LOW,0.21681500993048541,DRIVABLE,0.04999999999999982,0.04999999999999982,41,41,0,False,False
"(3, -9)",3.5,-8.5,9.192388155425117,0.05,0.05,0.15619805244252313,LOW,0.09239610488504625,DRIVABLE,0.04999999999999982,0.04999999999999982,8,8,0,False,False
"(3, -8)",3.5,-7.5,8.276472678623424,0.05,0.05,0.08578882390598745,LOW,0.11157764781197489,DRIVABLE,0.04999999999999982,0.04999999999999982,15,15,0,False,False
"(3, -7)",3.5,-6.5,7.3824115301167,0.05,0.05,0.22034607316746888,LOW,0.10069214633493771,DRIVABLE,0.04999999999999982,0.04999999999999982,3,3,0,False,False
"(2, -6)",2.5,-5.5,6.041522986797286,0.05,0.05,0.11269068597579175,LOW,0.2253813719515835,DRIVABLE,0.04999999999999982,0.04999999999999982,36,36,0,False,False
"(4, -10)",4.5,-9.5,10.51189802081432,0.1,0.1,0.1936756674028649,LOW,0.10735133480572982,DRIVABLE,0.09999999999999964,0.09999999999999964,6,6,0,False,False
"(2, -7)",2.5,-6.5,6.96419413859206,0.05,0.05,0.1010092863760772,LOW,0.1620185727521544,DRIVABLE,0.04999999999999982,0.04999999999999982,16,16,0,False,False
"(1, -5)",1.5,-4.5,4.743416490252569,0.05,0.05,0.08908133997410103,LOW,0.13816267994820208,DRIVABLE,0.04999999999999982,0.04999999999999982,13,13,0,False,False
"(2, -9)",2.5,-8.5,8.860022573334675,0.05,0.05,0.09727618997177323,LOW,0.19455237994354646,DRIVABLE,0.04999999999999982,0.04999999999999982,34,34,0,False,False
"(2, -8)",2.5,-7.5,7.905694150420948,0.05,0.05,0.16098101405156398,LOW,0.32196202810312796,DRIVABLE,0.04999999999999982,0.04999999999999982,42,42,0,False,False
"(1, -6)",1.5,-5.5,5.70087712549569,0.05,0.05,0.1306607838008767,LOW,0.2613215676017534,DRIVABLE,0.04999999999999982,0.04999999999999982,38,38,0,False,False
"(3, -10)",3.5,-9.5,10.124228365658293,0.1,0.1,0.178699717271809,LOW,0.05739943454361793,DRIVABLE,0.09999999999999964,0.09999999999999964,2,2,0,False,False
"(2, -10)",2.5,-9.5,9.82344135219425,0.05,0.05,0.21984192700962527,LOW,0.11968385401925048,DRIVABLE,0.04999999999999982,0.04999999999999982,4,4,0,False,False
"(1, -9)",1.5,-8.5,8.631338250816034,0.05,0.05,0.044654154157661725,LOW,0.08930830831532345,DRIVABLE,0.04999999999999982,0.04999999999999982,19,19,0,False,False
"(1, -8)",1.5,-7.5,7.648529270389178,0.05,0.05,0.08854200826078278,LOW,0.17708401652156555,DRIVABLE,0.04999999999999982,0.04999999999999982,35,35,0,False,False
"(1, -10)",1.5,-9.5,9.617692030835672,0.05,0.05,0.06451505926920514,LOW,0.1290301185384103,DRIVABLE,0.04999999999999982,0.04999999999999982,24,24,0,False,False
"(1, -7)",1.5,-6.5,6.670832032063167,0.05,0.05,0.13454365659386386,LOW,0.2690873131877277,DRIVABLE,0.04999999999999982,0.04999999999999982,29,29,0,False,False
"(0, -4)",0.5,-3.5,3.5355339059327378,0.05,0.05,0.10314759294685055,LOW,0.2062951858937011,DRIVABLE,0.04999999999999993,0.04999999999999993,13,13,0,False,False
"(0, -6)",0.5,-5.5,5.522680508593631,0.05,0.05,0.21811905970222623,LOW,0.1562381194044525,DRIVABLE,0.04999999999999993,0.04999999999999993,4,4,0,False,False
"(0, -10)",0.5,-9.5,9.513148795220223,0.05,0.05,0.09028631388948788,LOW,0.10057262777897576,DRIVABLE,0.04999999999999999,0.04999999999999999,16,16,0,False,False
"(0, -8)",0.5,-7.5,7.516648189186454,0.05,0.05,0.05928422098680263,LOW,0.11856844197360526,DRIVABLE,0.04999999999999993,0.04999999999999993,27,27,0,False,False
"(0, -5)",0.5,-4.5,4.527692569068709,0.05,0.05,0.24261016018911197,LOW,0.1852203203782239,DRIVABLE,0.04999999999999993,0.04999999999999993,3,3,0,False,False
"(0, -7)",0.5,-6.5,6.519202405202649,0.05,0.05,0.19423059560358208,LOW,0.10846119120716417,DRIVABLE,0.04999999999999993,0.04999999999999993,4,4,0,False,False
"(0, -9)",0.5,-8.5,8.514693182963201,0.05,0.05,0.11048036316296768,LOW,0.22096072632593536,DRIVABLE,0.04999999999999993,0.04999999999999993,24,24,0,False,False
"(0, 9)",0.5,9.5,9.513148795220223,0.05,0.05,0.04439482031949057,LOW,0.08878964063898113,DRIVABLE,0.04999999999999993,0.04999999999999993,17,17,0,False,False
"(0, 8)",0.5,8.5,8.514693182963201,0.05,0.05,0.1625381091438514,LOW,0.08507621828770277,DRIVABLE,0.04999999999999993,0.04999999999999993,5,5,0,False,False
"(1, 8)",1.5,8.5,8.631338250816034,0.05,0.05,0.036949064099777953,LOW,0.07389812819955591,DRIVABLE,0.04999999999999982,0.04999999999999982,22,22,0,False,False
"(0, 7)",0.5,7.5,7.516648189186454,0.05,0.05,0.06666382039212945,LOW,0.11332764078425887,DRIVABLE,0.04999999999999993,0.04999999999999993,13,13,0,False,False
"(0, 5)",0.5,5.5,5.522680508593631,0.05,0.05,0.09978250668545446,LOW,0.1395650133709089,DRIVABLE,0.04999999999999993,0.04999999999999993,9,9,0,False,False
"(0, 3)",0.5,3.5,3.5355339059327378,0.05,0.05,0.1067900668978883,LOW,0.2135801337957766,DRIVABLE,0.04999999999999993,0.04999999999999993,14,14,0,False,False
"(1, 5)",1.5,5.5,5.70087712549569,0.05,0.05,0.03496873011026048,LOW,0.06993746022052096,DRIVABLE,0.04999999999999982,0.04999999999999982,26,26,0,False,False
"(1, 7)",1.5,7.5,7.648529270389178,0.05,0.05,0.20060531119449154,LOW,0.10121062238898304,DRIVABLE,0.050000000000000044,0.050000000000000044,2,2,0,False,False
"(1, 6)",1.5,6.5,6.670832032063167,0.05,0.05,0.03292816536466449,LOW,0.06585633072932898,DRIVABLE,0.04999999999999982,0.04999999999999982,21,21,0,False,False
"(2, 8)",2.5,8.5,8.860022573334675,0.05,0.05,0.035902146282394715,LOW,0.07180429256478943,DRIVABLE,0.04999999999999982,0.04999999999999982,23,23,0,False,False
"(1, 9)",1.5,9.5,9.617692030835672,0.05,0.05,0.20502127473120618,LOW,0.07004254946241233,DRIVABLE,0.04999999999999982,0.04999999999999982,2,2,0,False,False
"(2, 9)",2.5,9.5,9.82344135219425,0.05,0.05,0.03379237855565441,LOW,0.06758475711130882,DRIVABLE,0.04999999999999982,0.04999999999999982,23,23,0,False,False
"(1, 3)",1.5,3.5,3.8078865529319543,0.05,0.05,0.027428988104179566,LOW,0.05485797620835913,DRIVABLE,0.04999999999999982,0.04999999999999982,31,31,0,False,False
"(2, 6)",2.5,6.5,6.96419413859206,0.05,0.05,0.029531477838089504,LOW,0.05906295567617901,DRIVABLE,0.04999999999999982,0.04999999999999982,29,29,0,False,False
"(3, 8)",3.5,8.5,9.192388155425117,0.05,0.05,0.11882408090422111,LOW,0.057648161808442226,DRIVABLE,0.04999999999999982,0.04999999999999982,9,9,0,False,False
"(3, 9)",3.5,9.5,10.124228365658293,0.1,0.1,0.028705412307179216,LOW,0.05741082461435843,DRIVABLE,0.09999999999999964,0.09999999999999964,11,11,0,False,False
"(3, 7)",3.5,7.5,8.276472678623424,0.05,0.05,0.03244243532174203,LOW,0.06488487064348405,DRIVABLE,0.04999999999999982,0.04999999999999982,25,25,0,False,False
"(2, 5)",2.5,5.5,6.041522986797286,0.05,0.05,1.0,HIGH,,SPARSE / UNKNOWN,0.04999999999999982,0.04999999999999982,1,1,0,False,True
"(2, 4)",2.5,4.5,5.1478150704935,0.05,0.05,0.027607641062720928,LOW,0.055215282125441856,DRIVABLE,0.04999999999999982,0.04999999999999982,30,30,0,False,False
"(5, 9)",5.5,9.5,10.977249200050075,0.1,0.1,0.02334930662529903,LOW,0.04669861325059806,DRIVABLE,0.09999999999999964,0.09999999999999964,19,19,0,False,False
"(4, 8)",4.5,8.5,9.617692030835672,0.05,0.05,0.036313913194814106,LOW,0.07262782638962821,DRIVABLE,0.04999999999999982,0.04999999999999982,27,27,0,False,False
"(4, 7)",4.5,7.5,8.74642784226795,0.05,0.05,0.03930118604402112,LOW,0.058602372088042226,DRIVABLE,0.04999999999999982,0.04999999999999982,12,12,0,False,False
"(3, 6)",3.5,6.5,7.3824115301167,0.05,0.05,0.1911986895476225,LOW,0.10239737909524503,DRIVABLE,0.04999999999999982,0.04999999999999982,3,3,0,False,False
"(6, 9)",6.5,9.5,11.510864433221338,0.1,0.05,1.0,HIGH,,SPARSE / UNKNOWN,0.09999999999999964,0.04999999999999982,1,1,0,True,True
