sequence,mode,run,cells,compact_map_bytes,peak_python_bytes,build_time_seconds,mae_m,rmse_m,p95_m,max_m,point_conservation
00000,A,1,4482,246510,5137954,4.456098900001962,0.0007387676740782982,0.002980345638965194,0.003099203109741211,0.06547549366950989,True
00000,A,2,4482,246510,5137298,4.14250919999904,0.0007387676740782982,0.002980345638965194,0.003099203109741211,0.06547549366950989,True
00000,A,3,4482,246510,5136926,4.159726699988823,0.0007387676740782982,0.002980345638965194,0.003099203109741211,0.06547549366950989,True
00000,A,4,4482,246510,5137434,4.068002499989234,0.0007387676740782982,0.002980345638965194,0.003099203109741211,0.06547549366950989,True
00000,A,5,4482,246510,5136390,4.26248089998262,0.0007387676740782982,0.002980345638965194,0.003099203109741211,0.06547549366950989,True
00000,B,1,4162,228910,4796346,4.153161099995486,0.0012143929021082205,0.005508069354571236,0.0033459067344665527,0.08454042673110962,True
00000,B,2,4162,228910,4796634,4.136350100015989,0.0012143929021082205,0.005508069354571236,0.0033459067344665527,0.08454042673110962,True
00000,B,3,4162,228910,4796982,3.978716200013878,0.0012143929021082205,0.005508069354571236,0.0033459067344665527,0.08454042673110962,True
00000,B,4,4162,228910,4796630,4.362672599992948,0.0012143929021082205,0.005508069354571236,0.0033459067344665527,0.08454042673110962,True
00000,B,5,4162,228910,4796642,4.001556900009746,0.0012143929021082205,0.005508069354571236,0.0033459067344665527,0.08454042673110962,True
00000,C,1,4174,229570,4820210,4.222505799989449,0.001148976152342981,0.005129250799139962,0.0032349824905395508,0.08454042673110962,True
00000,C,2,4174,229570,4820818,4.2051659999997355,0.001148976152342981,0.005129250799139962,0.0032349824905395508,0.08454042673110962,True
00000,C,3,4174,229570,4821514,4.095848500001011,0.001148976152342981,0.005129250799139962,0.0032349824905395508,0.08454042673110962,True
00000,C,4,4174,229570,4820890,4.253024599980563,0.001148976152342981,0.005129250799139962,0.0032349824905395508,0.08454042673110962,True
00000,C,5,4174,229570,4821022,4.365981499984628,0.001148976152342981,0.005129250799139962,0.0032349824905395508,0.08454042673110962,True
00001,A,1,4002,220110,4596986,3.82729530002689,0.003291221666326944,0.013433794884385916,0.009297609329223633,0.14320039749145508,True
00001,A,2,4002,220110,4595050,3.6762862999748904,0.003291221666326944,0.013433794884385916,0.009297609329223633,0.14320039749145508,True
00001,A,3,4002,220110,4595042,4.0417611000011675,0.003291221666326944,0.013433794884385916,0.009297609329223633,0.14320039749145508,True
00001,A,4,4002,220110,4599706,4.177557000017259,0.003291221666326944,0.013433794884385916,0.009297609329223633,0.14320039749145508,True
00001,A,5,4002,220110,4599838,4.2348023999948055,0.003291221666326944,0.013433794884385916,0.009297609329223633,0.14320039749145508,True
00001,B,1,3704,203720,4281892,3.948377199994866,0.004982253067626982,0.017174242903314166,0.043405771255493164,0.1437537670135498,True
00001,B,2,3704,203720,4277200,3.658936799998628,0.004982253067626982,0.017174242903314166,0.043405771255493164,0.1437537670135498,True
00001,B,3,3704,203720,4276772,3.6110969000146724,0.004982253067626982,0.017174242903314166,0.043405771255493164,0.1437537670135498,True
00001,B,4,3704,203720,4277220,3.955435199983185,0.004982253067626982,0.017174242903314166,0.043405771255493164,0.1437537670135498,True
00001,B,5,3704,203720,4282116,3.8618352000194136,0.004982253067626982,0.017174242903314166,0.043405771255493164,0.1437537670135498,True
00001,C,1,3726,204930,4304602,3.7525432000111323,0.004638484669014273,0.016408411758046873,0.039712101221084595,0.1437537670135498,True
00001,C,2,3726,204930,4304606,3.8146096999989823,0.004638484669014273,0.016408411758046873,0.039712101221084595,0.1437537670135498,True
00001,C,3,3726,204930,4304430,3.8177284999983385,0.004638484669014273,0.016408411758046873,0.039712101221084595,0.1437537670135498,True
00001,C,4,3726,204930,4304610,4.042807799996808,0.004638484669014273,0.016408411758046873,0.039712101221084595,0.1437537670135498,True
00001,C,5,3726,204930,4301438,3.9362840999965556,0.004638484669014273,0.016408411758046873,0.039712101221084595,0.1437537670135498,True
00002,A,1,8045,442475,9180303,7.880128999997396,0.002250035714125857,0.009227718251601319,0.007449179887771646,0.13048896193504333,True
00002,A,2,8045,442475,9182415,7.691575599979842,0.002250035714125857,0.009227718251601319,0.007449179887771646,0.13048896193504333,True
00002,A,3,8045,442475,9181007,7.741598599997815,0.002250035714125857,0.009227718251601319,0.007449179887771646,0.13048896193504333,True
00002,A,4,8045,442475,9174759,7.990654100023676,0.002250035714125857,0.009227718251601319,0.007449179887771646,0.13048896193504333,True
00002,A,5,8045,442475,9176439,7.6823073999839835,0.002250035714125857,0.009227718251601319,0.007449179887771646,0.13048896193504333,True
00002,B,1,7520,413600,8625072,8.18083050000132,0.00342874721276578,0.01182946747069894,0.02699740529060366,0.13048896193504333,True
00002,B,2,7520,413600,8625028,8.49897489999421,0.00342874721276578,0.01182946747069894,0.02699740529060366,0.13048896193504333,True
00002,B,3,7520,413600,8622976,7.8689796999969985,0.00342874721276578,0.01182946747069894,0.02699740529060366,0.13048896193504333,True
00002,B,4,7520,413600,8618604,7.849061199987773,0.00342874721276578,0.01182946747069894,0.02699740529060366,0.13048896193504333,True
00002,B,5,7520,413600,8622784,7.733509699988645,0.00342874721276578,0.01182946747069894,0.02699740529060366,0.13048896193504333,True
00002,C,1,7520,413600,8625088,7.918717699998524,0.00342874721276578,0.01182946747069894,0.02699740529060366,0.13048896193504333,True
00002,C,2,7520,413600,8620408,8.328037900006166,0.00342874721276578,0.01182946747069894,0.02699740529060366,0.13048896193504333,True
00002,C,3,7520,413600,8625324,7.629948999994667,0.00342874721276578,0.01182946747069894,0.02699740529060366,0.13048896193504333,True
00002,C,4,7520,413600,8623608,8.027340200002072,0.00342874721276578,0.01182946747069894,0.02699740529060366,0.13048896193504333,True
00002,C,5,7520,413600,8620856,10.051556100021116,0.00342874721276578,0.01182946747069894,0.02699740529060366,0.13048896193504333,True
00003,A,1,3491,192005,4093777,3.76109169999836,0.021580147127747973,0.03837866341230167,0.09114721417427063,0.22223759442567825,True
00003,A,2,3491,192005,4093977,3.802514200011501,0.021580147127747973,0.03837866341230167,0.09114721417427063,0.22223759442567825,True
00003,A,3,3491,192005,4093873,3.765420899988385,0.021580147127747973,0.03837866341230167,0.09114721417427063,0.22223759442567825,True
00003,A,4,3491,192005,4094013,3.7658004999975674,0.021580147127747973,0.03837866341230167,0.09114721417427063,0.22223759442567825,True
00003,A,5,3491,192005,4094165,3.782482800015714,0.021580147127747973,0.03837866341230167,0.09114721417427063,0.22223759442567825,True
00003,B,1,3300,181500,3892252,3.94810179999331,0.022454793230628024,0.03905002474434504,0.09173494577407837,0.22223759442567825,True
00003,B,2,3300,181500,3891788,3.688154300005408,0.022454793230628024,0.03905002474434504,0.09173494577407837,0.22223759442567825,True
00003,B,3,3300,181500,3892288,3.9017913000134286,0.022454793230628024,0.03905002474434504,0.09173494577407837,0.22223759442567825,True
00003,B,4,3300,181500,3891840,3.8134182000067085,0.022454793230628024,0.03905002474434504,0.09173494577407837,0.22223759442567825,True
00003,B,5,3300,181500,3892184,4.005835999996634,0.022454793230628024,0.03905002474434504,0.09173494577407837,0.22223759442567825,True
00003,C,1,3309,181995,3899399,3.8045402000134345,0.022379991624690107,0.039003117002831524,0.09173494577407837,0.22223759442567825,True
00003,C,2,3309,181995,3899339,3.7112981000100262,0.022379991624690107,0.039003117002831524,0.09173494577407837,0.22223759442567825,True
00003,C,3,3309,181995,3899547,3.948056599998381,0.022379991624690107,0.039003117002831524,0.09173494577407837,0.22223759442567825,True
00003,C,4,3309,181995,3899323,3.8226222000084817,0.022379991624690107,0.039003117002831524,0.09173494577407837,0.22223759442567825,True
00003,C,5,3309,181995,3899495,3.856170999992173,0.022379991624690107,0.039003117002831524,0.09173494577407837,0.22223759442567825,True
